"lang","website","name","comment","domiciliation_bool","domiciliation","ref","id","vat"
"fr_FR","www.ace.be","ACE SA",,1,2323,"ACE","ACE SA",432112630
"nl_NL",,"AD DELHAIZE",,,,"ADDELHAIZE","AD DELHAIZE",402206045
"fr_FR",,"Adidas",,0,,"ADIDAS","Adidas",
"fr_FR",,"ADV S.A.S.",,,,"ADV","ADV SAS",
"en_US",,"ASSURANCES SA",,0,,"AGF","ASSURANCES SA",
"nl_NL",,"AGFA GEVAERT NV",,,,"AGFA","AGFA GEVAERT NV",404021727
"nl_NL",,"AGIO SIGARENFABRIEKEN NV",,,,"AGIO","AGIO SIGARENFABRIEKEN NV",404220180
"fr_FR",,"AIGREMONT SA",,,,"AIGREMONT","AIGREMONT SA",437799008
"nl_NL",,"ALTRIPAN NV",,1,1212,"ALTRIPAN","ALTRIPAN NV",406393475
"nl_NL",,"ALZ NV",,,,"ALZ","ALZ NV",401277914
"nl_NL",,"AMYLUM NV",,,,"AMYLUM","AMYLUM NV",405716158
"fr_FR",,"ARBO",,,,"ARBO","ARBO",12121212
,,"ARIA",,,,"ARIA","ARIA",
"nl_NL",,"ARJO WIGGINS BELGIUM",,,,"ARJO_WIGG","ARJO WIGGINS BELGIUM",400344734
"fr_FR",,"ARTHAUD AUDE",,,,"ARTHAUD","ARTHAUD AUDE"," "
,,"ARTHUR ANDERSEN & CO",,,,"ARTHURAN","ARTHUR ANDERSEN & CO",
"fr_FR",,"ARTHUR ANDERSEN & Co",,,,"ARTHURLU","ARTHUR ANDERSEN & Co",
"nl_NL",,"ASMA-BORGERS CV",,,,"ASMA","ASMA-BORGERS CV",404753482
"fr_FR",,"ASSOCIATION LIEGEOISE D'ELECTRICITE - A.",,,,"ASSOCIATIO","ASSOCIATION LIEGEOISE D'ELECTRICITE - A",204245277
"fr_FR",,"EDITIONS RENCONTRE ATLAS S.A.",,,,"ATLASED1","EDITIONS RENCONTRE ATLAS SA",
"en_US",,"Atun Med. Geraete & Elektronik",,,,"ATUNMED","Atun Med Geraete & Elektronik",154545454555
"nl_NL",,"AUSTRIAN AIRLINES SOET",,,,"AUSTRIANAS","AUSTRIAN AIRLINES SOET",403421317
"fr_FR",,"L'AUXILIAIRE MINIÔRE SA",,,,"AUX_MIN","L'AUXILIAIRE MINIÔRE SA",404225823
"nl_NL",,"B A S F ANTWERPEN",,,,"BASF","B A S F ANTWERPEN",404754472
"nl_NL",,"BAXTER TRAVENOL NV",,,,"BAXTER_TRA","BAXTER TRAVENOL NV",403093693
"nl_NL",,"BAYER NV KRUISSCHANS",,,,"BAYER","BAYER NV KRUISSCHANS",404754571
"nl_NL",,"BECKERS ESSEN NV",,,,"BECKERS","BECKERS ESSEN NV",407225893
"nl_NL",,"BEKAERT NV",,,,"BEKAERT","BEKAERT NV",405412983
"fr_FR",,"BELGACOM",,0,,"BELGA","BELGACOM",202239951
"nl_NL",,"BELGACOM MOBILE SA",,,,"BELGACOMM","BELGACOM MOBILE SA",453918428
"nl_NL",,"BELGOMILK - POEDERDIVISIE CV",,,,"BELGOMILK","BELGOMILK - POEDERDIVISIE CV",443908919
"nl_NL",,"BETZ",,,,"BETZ","BETZ",407904596
"nl_NL",,"BMW BELGIUM NV",,,,"BMW","BMW BELGIUM NV",413533863
"fr_FR",,"USINES GUSTAVE BOEL",,,,"BOEL","USINES GUSTAVE BOEL",417374172
"nl_NL",,"BOLCKMANS NV",,,,"BOLCKMANS","BOLCKMANS NV",447785256
"fr_FR",,"BONPRI - LENTZ MARCHE",,,,"BONPRI","BONPRI - LENTZ MARCHE",
"fr_FR",,"Bontrager Bike Material",,,,"BONTRAGER","Bontrager Bike Material",404658165
"nl_NL",,"BOPACK NV",,,,"BOPACK","BOPACK NV",406967854
"fr_FR",,"BP LINALUX SA",,,,"BP","BP LINALUX SA",443783314
"nl_NL",,"BRABO CV",,,,"BRABO","BRABO CV",404756848
"nl_NL",,"BRICO BELGIUM",,,,"BRICO","BRICO BELGIUM",427572733
"nl_NL",,"BRIDGESTONE FIRESTONE EUROPE NV",,,,"BRIDGESTON","BRIDGESTONE FIRESTONE EUROPE NV",441192820
"fr_FR",,"BROWNING SA",,,,"BROWNING","BROWNING SA",430037226
"nl_NL",,"BUGA ANTWERPEN NV",,,,"BUGA","BUGA ANTWERPEN NV",412709462
"fr_FR",,"BUNDY SA",,,,"BUNDY","BUNDY SA",405958163
"fr_FR",,"Calberson europe",,,,"CAL.E","Calberson europe",
"nl_NL",,"CALLEBAUT NV",,,,"CALLEBAUT","CALLEBAUT NV",438950833
"nl_NL",,"CARGILL NV",,,,"CARGILL","CARGILL NV",420829847
"nl_NL",,"CARITAS SA",,,,"CARITAS","CARITAS SA",401940680
"en_US",,"CARREFOUR",,0,,"CARREFOUR","CARREFOUR",
"nl_NL",,"CASE BELGIUM NV",,,,"CASE","CASE BELGIUM NV",452808866
"fr_FR",,"CATERPILLAR-BELGIUM",,,,"CAT","CATERPILLAR-BELGIUM",401633250
"fr_FR",,"CHAMBRE DE COMMERCE ET D'INDUSTRIE",,,,"CHAMOSEL","CHAMBRE DE COMMERCE ET D'INDUSTRIE",
"fr_FR",,"Chauffage Service SA",,0,,"CHAUFF","Chauffage Service SA",602602602
"fr_FR",,"CIMENTS DE HACCOURT SA",,,,"CIMENTSHAC","CIMENTS DE HACCOURT SA",440309823
"nl_NL",,"CITROEN BELUX NV",,,,"CITROEN","CITROEN BELUX NV",448813060
"nl_NL",,"FORGES DE CLABECQ",,,,"CLABECQ","FORGES DE CLABECQ",400346912
"nl_NL",,"C.M.B. NV",,,,"CMB","CMB NV",404507915
"nl_NL",,"COCCINELLE NV",,,,"COCCINELLE","COCCINELLE NV",425718350
"fr_FR",,"COCKERILL SAMBRE SA",,,,"COCKERILL","COCKERILL SAMBRE SA"," "
"nl_NL",,"COLRUYT NV",,,,"COLRUYT0","COLRUYT NV",400378485
"nl_NL",,"COMBORI NV",,,,"COMBORI","COMBORI NV",404936002
"fr_FR",,"Compagnie Fiduciaire",,,,"COMPFIDU","Compagnie Fiduciaire",45454545
"fr_FR",,"COOPERS & LYBRAND",,,,"COOPERS","COOPERS & LYBRAND",
"fr_FR",,"Librairie COPY",,0,,"COPY","Librairie COPY",459217794
"fr_FR",,"CORA",,,,"CORA","CORA"," "
"fr_FR",,"CORA SA",,,,"CORA_SA","CORA SA"," "
"fr_FR",,"COREDIS SA",,,,"COREDIS","COREDIS SA",431244083
"fr_FR",,"N. CORMAN SA",,,,"CORMAN","N CORMAN SA",402791015
"fr_FR",,"CREGEM INTERNATIONAL BANK",,,,"CREGEM","CREGEM INTERNATIONAL BANK",
,,"Centre de recherche publique",,,,"CRP","Centre de recherche publique",
"fr_FR",,"CS-INTERGLAS SA",,,,"CSINTERGL","CS-INTERGLAS SA",402264245
"nl_NL",,"DAF ASSEN- EN CABINEFABRIEK NV",,,,"DAF_ASSEN","DAF ASSEN- EN CABINEFABRIEK NV"," "
"nl_NL",,"DAF BELGIE NV",,,,"DAF_BELGI","DAF BELGIE NV"," "
"fr_FR",,"DAMBOIS SA",,,,"DAMBOIS","DAMBOIS SA",402389850
"nl_NL",,"DECOSTEEL NV",,,,"DECOSTEEL","DECOSTEEL NV",452573195
"nl_NL",,"DE JOND NV",,,,"DEJOND","DE JOND NV",404943722
"nl_NL",,"DE LIJN - VLAAMSE VERVOERMAATSCHAPPIJ NV",,,,"DELIJN","DE LIJN - VLAAMSE VERVOERMAATSCHAPPIJ NV",242069537
"en_US",,"DELL Computer",,0,,"DELL","DELL Computer",416301828
"nl_NL",,"DISTRIGAZ NV",,,,"DISTRIGAZ","DISTRIGAZ NV",402954628
"fr_FR",,"DISTRISUD-BELLENS SA",,,,"DISTRISUD","DISTRISUD-BELLENS SA",404228593
"nl_NL",,"DU PONT DE NEMOURS-BELGIUM",,,,"DUPONT","DU PONT DE NEMOURS-BELGIUM",400837058
"nl_NL",,"DURACELL BATTERIES NV",,,,"DURACELL","DURACELL BATTERIES NV",400959891
"en_US",,"EASYNET Belgium",,0,,"EASY","EASYNET Belgium",466025612
"fr_FR",,"ECCO LUXEMBOURG S.A.",,,,"ECCO","ECCO LUXEMBOURG SA",
"fr_FR",,"EDITIONS EDUSOFT",,,,"EDUSOFT","EDITIONS EDUSOFT",44444444444
"en_US",,"ELECTRABEL",,0,,"ELECTRABEL","ELECTRABEL",403170701
"fr_FR",,"CENTRE TECHN. DE RECH. LE PONANT",,,,"EPARCO","CENTRE TECHN DE RECH LE PONANT",
"nl_NL",,"ERAN PARTYRENT NV",,,,"ERAN","ERAN PARTYRENT NV",446732213
"nl_NL",,"ERIKS NV",,,,"ERIKS","ERIKS NV",402956608
"fr_FR",,"ETIMINE S.A.",,,,"ETIMINE","ETIMINE SA",
"fr_FR",,"EUPENER GENOSSENSCHAFTMOLKEREI SC",,,,"EUPENER","EUPENER GENOSSENSCHAFTMOLKEREI SC",402331650
"fr_FR",,"EUROCOMPTES",,,,"EUROCOMP","EUROCOMPTES",
"fr_FR",,"EUROFOIL BELGIUM SA",,,,"EUROFOIL","EUROFOIL BELGIUM SA",406017056
"fr_FR",,"EUROPHOS SA",,,,"EUROPHOS","EUROPHOS SA",447599570
"nl_NL",,"EURO DIAMOND DISTRIBUTORS NV",,,,"EURO_DIAMO","EURO DIAMOND DISTRIBUTORS NV",435950959
"fr_FR",,"FABRIQUE DE FER DE CHARLER",,,,"FAB_FER","FABRIQUE DE FER DE CHARLER",422027402
"fr_FR",,"Société de Factoring",,0,,"FACTOR","Société de Factoring",
,,"FIDUCIERE CENTRALE",,,,"FIDCENT","FIDUCIERE CENTRALE",
"fr_FR",,"FIDUCIAIRE GENERALE",,,,"FIDGENER","FIDUCIAIRE GENERALE",
"nl_NL",,"FINA EUROPE NV",,,,"FINA","FINA EUROPE NV"," "
"nl_NL",,"FINA NV",,,,"FINA_NV","FINA NV"," "
"nl_NL",,"FINA RAFFINADERIJ ANTWERPEN NV",,,,"FINA_RAFF","FINA RAFFINADERIJ ANTWERPEN NV",404586901
"fr_FR",,"First Business Media",,,,"FIRSTBUS","First Business Media",
"fr_FR",,"FORCAST BELGIUM (EX OSB CY) SA",,,,"FORCAST","FORCAST BELGIUM (EX OSB CY) SA",403970356
"nl_NL",,"FORD",,,,"FORD","FORD",404955204
"fr_FR",,"FRITSCH & GROZINGER",,,,"FRITSCH","FRITSCH & GROZINGER",
"fr_FR",,"SOCIETE DE TRAVAUX GALERE SA",,,,"GALERE","SOCIETE DE TRAVAUX GALERE SA",403887808
"fr_FR",,"GEC ALSTHOM T&D BALTEAU SA",,,,"GEC_ALSTH","GEC ALSTHOM T&D BALTEAU SA",434244749
"fr_FR",,"GENERALIFE",,,,"GENELIFE","GENERALIFE",
"fr_FR",,"GEORGE & CIE SA",,,,"GEORGE","GEORGE & CIE SA",403888501
"nl_NL",,"GIRAFFE BELGIE NV",,,,"GIRAFFE","GIRAFFE BELGIE NV",435215937
"nl_NL",,"GOLDATA NV",,,,"GOLDATA","GOLDATA NV",427073578
"nl_NL",,"GOSSELIN WORLD WIDE MOVING NV",,,,"GOSSELIN","GOSSELIN WORLD WIDE MOVING NV",425051129
"en_US",,"GSPORT",,0,,"GSPORT","GSPORT",
"nl_NL",,"GUICHET DE L'ENERGIE ASBL",,,,"GUICHETENE","GUICHET DE L'ENERGIE ASBL",223721293
"fr_FR",,"G-MEDI SC",,,,"G_MEDI","G-MEDI SC",402307894
"fr_FR",,"HESBAYEFROST SA",,,,"HESBAYEFRO","HESBAYEFROST SA",427405457
"fr_FR",,"HEXCEL SA",,,,"HEXCEL","HEXCEL SA",402459235
"nl_NL",,"HOECHST CELANESE NV",,,,"HOECHST","HOECHST CELANESE NV",403157932
"nl_NL",,"HONDA EUROPE NV",,,,"HONDA","HONDA EUROPE NV",418250835
"nl_NL",,"HOOGOVENS ALUMINIUM",,,,"HOOGOVENS","HOOGOVENS ALUMINIUM",403045292
"fr_FR",,"Dr Huggle & Partner Gmbh",,,,"HUGGLE","Dr Huggle & Partner Gmbh",
"fr_FR",,"HYDRO ALUMINIUM RAEREN SA-NV",,,,"HYDRO_ALU","HYDRO ALUMINIUM RAEREN SA-NV",414931158
,,"IBL leasing",,,,"IBL","IBL leasing",
"nl_NL",,"IBM EUROPEAN INTERN. SA",,,,"IBM","IBM EUROPEAN INTERN SA"," "
"fr_FR",,"ICE Commercial Cleaning",,,,"ICE","ICE Commercial Cleaning",
"fr_FR",,"INTERCOMMUNALE D'ELECTRICITE DU HAINAUT",,,,"IEH","INTERCOMMUNALE D'ELECTRICITE DU HAINAUT",223414061
"fr_FR",,"IMAVOX Corp.",,,,"IMAVOX","IMAVOX Corp",
"nl_NL",,"CIE INDEP DES TABACS CINTA",,,,"INDEPTABAC","CIE INDEP DES TABACS CINTA",401941175
"nl_NL",,"INDUFOR NV",,,,"INDUFOR","INDUFOR NV",414850786
"fr_FR",,"ING BANK",,,,"ING BANK","ING BANK",
"nl_NL",,"INTERC GAS ELECTR VAN HET",,,,"INTERC","INTERC GAS ELECTR VAN HET",215266160
"fr_FR",,"INTERCOM. DES PERSONNES AGEES DE LIEGE S",,,,"INTERCOM","INTERCOM DES PERSONNES AGEES DE LIEGE S",250610881
"nl_NL",,"INTERCONTAINER-INTERFRIGO SOCIETE INT. S",,,,"INTERCONTA","INTERCONTAINER-INTERFRIGO SOCIETE INT S",403449724
"nl_NL",,"INTERELECTRA CV",,,,"INTERELECT","INTERELECTRA CV",201311226
"fr_FR",,"INTERFIDUCIAIRE",,,,"INTERFID","INTERFIDUCIAIRE",
"nl_NL",,"INTERGEM",,,,"INTERGEM","INTERGEM",220764971
"nl_NL",,"INTERGROS CV",,,,"INTERGROS","INTERGROS CV",415093880
"fr_FR",,"INTERKOMMUNALE ELEKTRIZITETSGESELLSCHAFT",,,,"INTERKOMMU","INTERKOMMUNALE ELEKTRIZITETSGESELLSCHAFT",205843502
"fr_FR",,"INTRAMET SA",,,,"INTRAMET","INTRAMET SA",414089535
"fr_FR",,"IP LUXEMBOURG",,,,"IPLUXBG","IP LUXEMBOURG",
"nl_NL",,"IRG PLASTICS",,,,"IRGPLASTIC","IRG PLASTICS",404899576
"fr_FR",,"Isabel S.A.",,0,,"ISABEL","Isabel SA",456421523
"nl_NL",,"IVEKA",,,,"IVEKA","IVEKA",222030426
"nl_NL",,"JACOBS-SUCHARD NV",,,,"JACOBS","JACOBS-SUCHARD NV",402440924
"nl_NL",,"JANSSEN PHARMACEUTICA NV",,,,"JANSSEN","JANSSEN PHARMACEUTICA NV",403834160
"fr_FR",,"JETAIRE",,,,"JETAIRE","JETAIRE",
"fr_FR",,"JIEPIE DESIGN SARL",,,,"JIEPIE","JIEPIE DESIGN SARL",
"nl_NL",,"KIA BELGIUM",,,,"KIA","KIA BELGIUM",418772853
"fr_FR",,"KOMPASS LUXEMBOURG  EDITUS",,,,"KOMPASSL","KOMPASS LUXEMBOURG  EDITUS",10178708
"fr_FR",,"KONE BELGIUM SA",,,,"KONE","KONE BELGIUM SA",436407453
"nl_NL",,"KRUIDVAT NV",,,,"KRUIDVAT","KRUIDVAT NV",446891668
"nl_NL",,"KUWAIT PETROLEUM (BELGIUM)",,,,"KUWAIT","KUWAIT PETROLEUM (BELGIUM)",404584525
"fr_FR",,"LAITERIE R#GIONALE DE HERVE SC",,,,"LAITERIE_H","LAITERIE R#GIONALE DE HERVE SC",402458938
"nl_NL",,"LALEMANT AGENCE MARITIME NV",,,,"LALEMANT","LALEMANT AGENCE MARITIME NV",404532164
"fr_FR",,"LAWN COMFORT SA",,,,"LAWN_COMF","LAWN COMFORT SA",403926608
"nl_NL",,"LA POSTE SA",,,,"LA_POSTE","LA POSTE SA",214596464
"fr_FR",,"LA COMMANDE ELECTRONIQUE",,,,"LCE","LA COMMANDE ELECTRONIQUE"," "
"fr_FR",,"LCE GRENOBLE",,,,"LCEGREN","LCE GRENOBLE",
"nl_NL",,"L.D.C.I. NV",,,,"LDCI","LDCI NV",446040444
"fr_FR",,"MAISON LESSUISE SPRL",,,,"LESSUISE","MAISON LESSUISE SPRL",434200506
"nl_NL",,"LEVER OTARES",,,,"LEVER_OTAR","LEVER OTARES",438390312
"nl_NL",,"LINTOR",,,,"LINTOR","LINTOR",414795160
"fr_FR",,"LOBIAL SOGEVAL",,,,"LOBIAL","LOBIAL SOGEVAL",72574454477
"fr_FR",,"LOOK and Cie",,,,"LOOK","LOOK and Cie",449395951
"fr_FR",,"LUX CONSEIL INTERNATIONAL S.A.",,,,"LUXCONSE","LUX CONSEIL INTERNATIONAL SA",
"fr_FR",,"LYCEE TECHNIQUE NIC BIEVER",,,,"LYCEBIEV","LYCEE TECHNIQUE NIC BIEVER",
"fr_FR",,"LYCEE TECHNIQUE DE BONNEVOIE",,,,"LYCEBONE","LYCEE TECHNIQUE DE BONNEVOIE",
"fr_FR",,"LYCEE TECHNIQUE ETTELBRUCK",,,,"LYCEETTE","LYCEE TECHNIQUE ETTELBRUCK",
"nl_NL",,"INTERNATIONAL BUSINESS MAC",,,,"MAC","INTERNATIONAL BUSINESS MAC"," "
"fr_FR",,"ECOLE PRIVEE MARIE-CONSOLATRICE",,,,"MARIECON","ECOLE PRIVEE MARIE-CONSOLATRICE",
"nl_NL",,"MARUBENI AUTO - EUROPE NV",,,,"MARUBENI","MARUBENI AUTO - EUROPE NV",437061808
"fr_FR",,"MAS BENELUX SA",,,,"MAS","MAS BENELUX SA",414251465
"fr_FR",,"Master lock",,0,,"MASTERLOCK","Master lock",
"fr_FR",,"MATCH SA",,,,"MATCH","MATCH SA",426985288
"nl_NL",,"F. MATHIEU NV",,,,"MATHIEU","F MATHIEU NV",404973614
"fr_FR",,"MAVIC Belgium SA",,,,"MAVIC","MAVIC Belgium SA",439130282
"fr_FR",,"MERCURE HOLIGOLF HOTEL",,,,"MERCUREH","MERCURE HOLIGOLF HOTEL",
"fr_FR",,"CHAMBRE DE COMMERCE",,,,"MERKUR","CHAMBRE DE COMMERCE",
"nl_NL",,"AGENCE & MESSAGERIES DE LA PRESSE SA",,,,"MESSAGERIE","AGENCE & MESSAGERIES DE LA PRESSE SA",403482188
"fr_FR",,"MESTDAGH SA",,,,"MESTDAGH","MESTDAGH SA",430140065
"nl_NL",,"METALLO CHIMIQUE INTERNATIONAL NV",,,,"METALLO","METALLO CHIMIQUE INTERNATIONAL NV",424369357
"fr_FR",,"METAL PROFIL BELGIUM SA",,,,"METAL_PROF","METAL PROFIL BELGIUM SA",419318132
"fr_FR",,"SOLUTION ASNIERES",,,,"METROL7B","SOLUTION ASNIERES",
"fr_FR",,"METROLOGIE NANTES",,,,"METROLO1","METROLOGIE NANTES",41674526855
"fr_FR",,"METROLOGIE",,,,"METROLO2","METROLOGIE",
"fr_FR",,"METROLOGIE PARIS",,,,"METROLOP","METROLOGIE PARIS",
"fr_FR",,"Metrologie Toulouse",,,,"METROLTO","Metrologie Toulouse",
"fr_FR",,"SOLUTION NANCY",,,,"METROSO1","SOLUTION NANCY",
"fr_FR",,"SOLUTION GRENOBLE",,,,"METROSO2","SOLUTION GRENOBLE",
"fr_FR",,"SOLUTION RENNES",,,,"METROSO4","SOLUTION RENNES",
"fr_FR",,"SOLUTION SOPHIA ANTIPOLIS",,,,"METROSO5","SOLUTION SOPHIA ANTIPOLIS",
"en_US",,"Michelin Pneu",,,,"MICHELIN","Michelin Pneu",400442526
"nl_NL",,"MITSUI & Cø BENELUX NV",,,,"MITSUI","MITSUI & Cø BENELUX NV",407910536
"nl_NL",,"MONSANTO EUROPE SA",,,,"MONSANTO","MONSANTO EUROPE SA",406580943
"nl_NL",,"MONTELL BELGIUM NV",,,,"MONTELL","MONTELL BELGIUM NV",424578896
"fr_FR",,"GILLES MOURY SA",,,,"MOURY","GILLES MOURY SA",403907307
"fr_FR",,"Nalini Import Belgium",,,,"NALINI","Nalini Import Belgium",402236531
"nl_NL",,"NEW HOLLAND BELGIUMNV",,,,"NEW_HOLLAN","NEW HOLLAND BELGIUMNV",400444803
"nl_NL",,"NIKE BELGIUM NV",,,,"NIKE","NIKE BELGIUM NV",442048596
"nl_NL",,"N M B S - BE REIZIGERS INTERNATIONAAL",,,,"NMBS","N M B S - BE REIZIGERS INTERNATIONAAL",
"fr_FR",,"NORCALLOYS SA",,,,"NORCALLO","NORCALLOYS SA",
"fr_FR",,"Notaire Dupuis",,0,,"NOTAIRE","Notaire Dupuis",
"nl_NL",,"NUTRISI NV",,,,"NUTRISI","NUTRISI NV",448871953
"fr_FR",,"HOTEL ODEON",,,,"ODEON","HOTEL ODEON",
"fr_FR",,"OMNIS SA",,,,"OMNISSA","OMNIS SA",
"nl_NL",,"OPEL BELGIUM NV",,,,"OPEL","OPEL BELGIUM NV",404957875
"fr_FR",,"OPTICAL SYSTEMS",,,,"OPTICAL","OPTICAL SYSTEMS",
"fr_FR",,"RAFFINERIE NOTRE-DAME / ORAFTI SA",,,,"ORAFTI","RAFFINERIE NOTRE-DAME / ORAFTI SA",413631556
"fr_FR",,"ORDRE DES EXPERTS COMPTABLES",,,,"ORDEXPLU","ORDRE DES EXPERTS COMPTABLES",
"nl_NL",,"O S I SPECIALITIES BENELUX NV",,,,"OSI","O S I SPECIALITIES BENELUX NV",450085839
"fr_FR",,"OXYBEL SA",,,,"OXYBEL","OXYBEL SA",403910176
"nl_NL",,"PARTEK-ERGON NV",,,,"PARTEK","PARTEK-ERGON NV",412962454
"fr_FR",,"COOPERATIVE PATRONS BOUCHERS",,,,"PATRONS","COOPERATIVE PATRONS BOUCHERS",
"fr_FR",,"PERSON Xavier",,,,"PERSON","PERSON Xavier",
"nl_NL",,"PEUGEOT-TALBOT",,,,"PEUGEOT","PEUGEOT-TALBOT",403461107
"nl_NL",,"LIÔGE PHARMA NV",,,,"PHARMA","LIÔGE PHARMA NV",419466305
"nl_NL",,"PHILIP MORRIS BELGIUM NV",,,,"PHILIPMOR","PHILIP MORRIS BELGIUM NV",403196039
"nl_NL",,"PHILIPS LIGHTING",,,,"PHILIPS","PHILIPS LIGHTING",422108465
"fr_FR",,"PHILIPS LUXEMBOURG CONSUMER",,,,"PHILIPSL","PHILIPS LUXEMBOURG CONSUMER",
"nl_NL",,"PICANOL NV",,,,"PICANOL","PICANOL NV",405502362
"nl_NL",,"PICOLO VANDEPOEL & Cø NV",,,,"PICOLO","PICOLO VANDEPOEL & Cø NV",403858906
"nl_NL",,"PIONEER ELECTRONIC (EUROPE) NV",,,,"PIONEER","PIONEER ELECTRONIC (EUROPE) NV",406999132
"nl_NL",,"POWER TOOLS DISTRIBUTION NV",,,,"POWERTOOLS","POWER TOOLS DISTRIBUTION NV",443676020
"nl_NL",,"PROCTER & GAMBLE BENELUX SA",,,,"PROCTER","PROCTER & GAMBLE BENELUX SA",402971850
"nl_NL",,"PRODAC NV",,,,"PRODAC","PRODAC NV",404981928
"nl_NL",,"P.S.A. CREDIT BELGIUM SA",,,,"PSA","PSA CREDIT BELGIUM SA",417159386
,,"PSI SA",,,,"PSI","PSI SA",
,,"P & T",,,,"PT","P & T",15400030
"en_US",,"Pumas",,0,,"PUMAS","Pumas",
"nl_NL",,"QUALIPHAR LABORATORIA NV",,,,"QUALIPHAR","QUALIPHAR LABORATORIA NV",403086468
"nl_NL",,"RECO",,,,"RECO","RECO",403653325
"nl_NL",,"RENAULT",,,,"RENAULT","RENAULT",403463679
"nl_NL",,"RENAULT INDUSTRIE BELGIQUE SA",,,,"RENAULT_IN","RENAULT INDUSTRIE BELGIQUE SA",402645614
"en_US",,"DIVERS RESTAURANTS",,0,,"RESTAURANT","DIVERS RESTAURANTS",
"nl_NL",,"GARAGE RIETJE NV",,,,"RIETJE","GARAGE RIETJE NV",434718861
"fr_FR",,"ROM SA",,,,"ROM","ROM SA",441826783
"fr_FR",,"Hotel le ROMA",,,,"ROMA","Hotel le ROMA",
"fr_FR",,"RTL  INFORMATIQUE",,,,"RTLINFO","RTL  INFORMATIQUE",
"nl_NL",,"SABENA",,,,"SABENA","SABENA",403457543
"fr_FR",,"SALES KIT SA",,,,"SALESKIT","SALES KIT SA","A44444444"
"nl_NL",,"SAMENWERKENDE VENNOOTSCHAP VOOR PRODUKTI",,,,"SAMENWERKE","SAMENWERKENDE VENNOOTSCHAP VOOR PRODUKTI"," "
"fr_FR",,"S C P E",,,,"SCPE","S C P E"," "
"nl_NL",,"SECA NV",,,,"SECA","SECA NV",400700961
"nl_NL",,"SEDEC NV",,,,"SEDEC","SEDEC NV",437237396
"fr_FR",,"Seiko Instruments GmbH",,,,"SEIKO","Seiko Instruments GmbH",
"en_US",,"Select",,0,,"SELECT","Select",
"fr_FR",,"SGL CARBON SA",,,,"SGL_CARBON","SGL CARBON SA",412060651
"fr_FR",,"S.G.P.M.I. SA",,,,"SGPMI","SGPMI SA",450297754
"fr_FR",,"SHIMANO SA",,,,"SHIMANO","SHIMANO SA",404129318
"nl_NL",,"SIBELGAZ-SIBELGAS SC",,,,"SIBELGAZ","SIBELGAZ-SIBELGAS SC",229921078
"nl_NL",,"SIDMAR NV",,,,"SIDMAR","SIDMAR NV",400106291
"fr_FR",,"SIEMENS NIXDORF LUXEMBOURG",,,,"SIEMELUX","SIEMENS NIXDORF LUXEMBOURG",
"nl_NL",,"SIEMENS NV",,,,"SIEMENS","SIEMENS NV",403146747
"fr_FR",,"SIMOP",,,,"SIMOP","SIMOP",
"nl_NL",,"ST  INTERN. TELECOMMUNICATION AERONAUT.",,,,"SITA","ST  INTERN TELECOMMUNICATION AERONAUT",403150410
"en_US",,"SKYNET SA",,0,,"SKYNET","SKYNET SA",460102672
"en_US",,"SMAP / OMOP",,0,,"SMAP","SMAP / OMOP",
"nl_NL",,"SMITH KLINE BEECHAM-BIOLOGICALS SA",,,,"SMITH","SMITH KLINE BEECHAM-BIOLOGICALS SA",440872918
"nl_NL",,"SNCB",,,,"SNCB","SNCB",203430576
"nl_NL",,"SOGEM SA-NV",,,,"SOGEM","SOGEM SA-NV",402964625
"fr_FR",,"SOLUVER SARL",,,,"SOLUVER","SOLUVER SARL",
"fr_FR",,"SOLUXTRAFER",,,,"SOLUXTRA","SOLUXTRAFER",
"fr_FR",,"SOMEF SA",,,,"SOMEF","SOMEF SA",402424294
"nl_NL",,"SPARTA NV",,,,"SPARTA","SPARTA NV",422811320
"nl_NL",,"STANDAARD UITGEVERIJ",,,,"STANDAARD","STANDAARD UITGEVERIJ",426929860
"fr_FR",,"STATEC",,,,"STATEC","STATEC",
"fr_FR",,"STEELINTER SA",,,,"STEELINTER","STEELINTER SA"," "
"fr_FR",,"FIDUCIAIRE STEICHEN",,,,"STEICHEN","FIDUCIAIRE STEICHEN",
"fr_FR",,"STEINBACH-INTERMILLS SA",,,,"STEINBACH","STEINBACH-INTERMILLS SA",450700602
"nl_NL",,"SOCIETE DES TRANSPORTS INTERCOMMUNAUX",,,,"STIB","SOCIETE DES TRANSPORTS INTERCOMMUNAUX",203474227
"fr_FR",,"STOCKOBEL SPRL",,,,"STOCKOBEL","STOCKOBEL SPRL",412556044
"fr_FR",,"SUD BOISSON",,,,"SUDBOISS","SUD BOISSON",
"nl_NL",,"SUIKER EXPORT NV",,,,"SUIKER","SUIKER EXPORT NV",404854640
"nl_NL",,"SUPERMARKT DE WOLF",,,,"SUPERMARKT","SUPERMARKT DE WOLF",424990454
"fr_FR",,"SUPER ECHO",,,,"SUPER_ECHO","SUPER ECHO",402435776
"nl_NL",,"SUZUKI EUROPE SA",,,,"SUZUKI","SUZUKI EUROPE SA",444881986
"nl_NL",,"SWAEGERS EN CO",,,,"SWAEGERS","SWAEGERS EN CO",421836370
"fr_FR",,"SYBRON CHIMIE FRANCE SA",,,,"SYBRON","SYBRON CHIMIE FRANCE SA",
"fr_FR",,"SYBRON CHIMIE FRANCE S.A.",,,,"SYBRON2","SYBRON CHIMIE FRANCE SA",
"fr_FR",,"TABACCOMAT SA",,,,"TABACCOMAT","TABACCOMAT SA",429472844
"fr_FR",,"TEC LIEGE-VERVIERS SA",,,,"TEC","TEC LIEGE-VERVIERS SA",242319658
"nl_NL",,"TESSENDERLO CHEMIE NV",,,,"TESSENDERL","TESSENDERLO CHEMIE NV",412101728
,,"Test",,0,,"TEST","Test",
"nl_NL",,"TEXACO BELGIUM",,,,"TEXACO","TEXACO BELGIUM",406843239
"fr_FR",,"THYSSEN BELGE SA-NV",,,,"THYSSEN","THYSSEN BELGE SA-NV",401921577
"nl_NL",,"TOYOTA",,,,"TOYOTA","TOYOTA",403425770
"nl_NL",,"TRACTO NV",,,,"TRACTO","TRACTO NV",400861903
"nl_NL",,"FLANDERS TRAVEL NV",,,,"TRAVEL","FLANDERS TRAVEL NV",436267594
"fr_FR",,"TRAX",,,,"TRAX","TRAX",
"fr_FR",,"TREK USA Import",,,,"TREK","TREK USA Import",461622901
"en_US",,"Umbro",,0,,"UMBRO","Umbro",
"nl_NL",,"UNION MINIERE SA-NV",,,,"UNION_MIN","UNION MINIERE SA-NV",401574852
"fr_FR",,"PNEU UNIROYAL ENGLEBERT SA",,,,"UNIROYAL","PNEU UNIROYAL ENGLEBERT SA",404411707
"nl_NL",,"UOP NV",,,,"UOP","UOP NV",436044296
"fr_FR",,"NOUVELLE SOCIETE VAMOS ET COMPAGNIE SA",,,,"VAMOS","NOUVELLE SOCIETE VAMOS ET COMPAGNIE SA",427663397
"nl_NL",,"BANK J. VAN BREDA & CO",,,,"VANBREDA","BANK J VAN BREDA & CO",419900033
"nl_NL",,"VANDEMOORTELE NV",,,,"VANDEMOORT","VANDEMOORTELE NV",414062712
"nl_NL",,"VAN DEN BERGHE VOEDERS NV",,,,"VANDENBER","VAN DEN BERGHE VOEDERS NV",435455467
"nl_NL",,"VANDER ELST TABAK NV",,,,"VANDER","VANDER ELST TABAK NV",404994497
"nl_NL",,"VAN DE WALLE FIRST IN FOOD NV",,,,"VANDEWALLE","VAN DE WALLE FIRST IN FOOD NV",413810809
"nl_NL",,"VAN MIERLO-PROOST & CO NV",,,,"VANMIERLO","VAN MIERLO-PROOST & CO NV",404208601
"nl_NL",,"VAN WELLEN NV",,,,"VANWELLEN","VAN WELLEN NV",403863557
"nl_NL",,"VAN HOOL",,,,"VAN_HOOL","VAN HOOL",404060032
"nl_NL",,"VEHA NV",,,,"VEHA","VEHA NV",404063101
"nl_NL",,"VERSTREPEN VLEES NV",,,,"VERSTREPEN","VERSTREPEN VLEES NV",414573842
"fr_FR",,"VIANA",,,,"VIANA","VIANA",
"en_US",,"VIKING - OFFICE DEPOT INTERNATIONAL",,0,,"VIKING","VIKING - OFFICE DEPOT INTERNATIONAL",472369115
"nl_NL",,"VINK N.V.",,,,"VINK","VINK NV",406122172
"nl_NL",,"VOLKSWAGEN",,,,"VOLKSWAGEN","VOLKSWAGEN",403448140
"nl_NL",,"VOLVO EUROPA CAR NV",,,,"VOLVO","VOLVO EUROPA CAR NV",420383548
,,"VW",,,,"VW","VW",
"en_US",,"Water Fournitures",,0,,"WATER","Water Fournitures",
"fr_FR",,"WICKLER FRERES SARL",,,,"WICKLER","WICKLER FRERES SARL",
"nl_NL",,"WILLEMS METAALCONSTRUCTIES NV",,,,"WILLEMS","WILLEMS METAALCONSTRUCTIES NV",404219487
"nl_NL",,"WOLF OIL CORPORATION NV",,,,"WOLFOIL","WOLF OIL CORPORATION NV",403699350
"fr_FR",,"WOOD OPTIC",,,,"WOODOPTI","WOOD OPTIC",
"fr_FR",,"SOCIETE PAUL WURTH",,,,"WURTH","SOCIETE PAUL WURTH",
"nl_NL",,"XIRCOM EUROPE NV",,,,"XIRCOM","XIRCOM EUROPE NV",444095395
"fr_FR",,"YVAN PAQUE SA",,,,"YVAN_PAQUE","YVAN PAQUE SA",412815271
"fr_FR",,"Zefal",,,,"ZEFAL","Zefal",445805862
"nl_NL",,"BELG. ZUIVELUNIE CV",,,,"ZUIVELUNIE","BELG ZUIVELUNIE CV",403713208
"fr_FR",,"ARTHUR ANDERSEN LUXEMBOURG",,,,"ZZARTHUL","ARTHUR ANDERSEN LUXEMBOURG",
